"name","productId","newFrom","opportunityFrom","percentageOff","reviews","url","imageSource","rating"
"TV LED Hisense 43A6BG 43"" 4K UHD (2160p)","7866546759","299 €",,,,"https://fr.shopping.rakuten.com/mfp/8453052/tv-led-hisense-a6bg-4k-uhd-2160p?pid=7866546759","https://fr.shopping.rakuten.com/photo/1963602824_L_NOPAD.jpg",
"TV LED Hisense 50A6BG 50"" 4K UHD (2160p)","7501089643","349 €",,,"2","https://fr.shopping.rakuten.com/mfp/8453052/tv-led-hisense-a6bg-4k-uhd-2160p?pid=7501089643","https://fr.shopping.rakuten.com/photo/1940579797_L_NOPAD.jpg","4.5"
"TV intelligente Hisense 55A6BG 55"" 4K ULTRA HD LCD WIFI","8906726304","379 €",,,,"https://fr.shopping.rakuten.com/offer/buy/8906726304/tv-intelligente-hisense-55a6bg-55-4k-ultra-hd-lcd-wifi.html","https://fr.shopping.rakuten.com/photo/2147055311_L_NOPAD.jpg",
"TV LED Hisense 58A6BG 58"" 4K UHD (2160p)","8095852993","449 €",,,"7","https://fr.shopping.rakuten.com/mfp/8453052/tv-led-hisense-a6bg-4k-uhd-2160p?pid=8095852993","https://fr.shopping.rakuten.com/photo/1980296416_L_NOPAD.jpg","4.4"
"Hisense 43A66H LED TV 43"" (108 cm) UltraHD/4K Noir","8023741958","299,99 €",,,,"https://fr.shopping.rakuten.com/offer/buy/8023741958/hisense-43a66h-led-tv-43-108-cm-ultrahd-4k-noir.html","https://fr.shopping.rakuten.com/photo/1972794892_L_NOPAD.jpg",
"TV LED Hisense 32A4BG 32"" 720p","7403266045","169 €","150 €",,"6","https://fr.shopping.rakuten.com/offer/buy/7403266045/tv-led-hisense-32a4bg-32-720p.html","https://fr.shopping.rakuten.com/photo/1983405476_L_NOPAD.jpg","4.5"
"TV intelligente Hisense 32A4K 32"" HD DLED Wi-Fi","10188113788","199 €",,,"1","https://fr.shopping.rakuten.com/offer/buy/10188113788/tv-intelligente-hisense-32a4k-32-hd-dled-wi-fi.html","https://fr.shopping.rakuten.com/photo/2389668796_L_NOPAD.jpg",
"TV LED HISENSE 85A6BG","8947599522","1 189 €",,,"1","https://fr.shopping.rakuten.com/offer/buy/8947599522/tv-led-hisense-85a6bg.html","https://fr.shopping.rakuten.com/photo/2343332630_L_NOPAD.jpg",
"TV LED Hisense 65A6BG 65"" 4K UHD (2160p)","8079949489","499 €",,,"1","https://fr.shopping.rakuten.com/mfp/8453052/tv-led-hisense-a6bg-4k-uhd-2160p?pid=8079949489",,
"TV LED Hisense 40A4BG 40""","7696164708","249 €","160 €",,,"https://fr.shopping.rakuten.com/offer/buy/7696164708/television-hisense-40a4bg-40-fhd-dled-wifi.html",,
"TV LED Hisense 55A7100F 55"" 4K UHD (2160p)","6027813386","472,89 €","500 €",,,"https://fr.shopping.rakuten.com/mfp/6823401/tv-4k-led-hisense-a7100f-series?pid=6027813386",,
"Hisense 55A6K 55"" (140 cm) 4K Ultra HD 3840x2160, Smart TV","10728468082","450,97 €",,,,"https://fr.shopping.rakuten.com/offer/buy/10728468082/hisense-55a6k-55-140-cm-4k-ultra-hd-3840x2160-smart-tv.html",,
"Hisense 75A6K 75"" (191 cm) 4K Ultra HD 3840x2160, Smart TV","10726931649","899 €",,,,"https://fr.shopping.rakuten.com/offer/buy/10726931649/hisense-75u8hq-75-191-cm-4k-ultra-hd-3840x2160-smart-tv.html",,
"Platine alimentation Hisense RSAG7.820.8364/ROH en parfait état .","10667329765",,"50 €",,,"https://fr.shopping.rakuten.com/offer/buy/10667329765/platine-alimentation-hisense-rsag7-820-8364-roh-en-parfait-etat.html",,
"Hisense HISE58AE7000F - 58"" - TV LED 146 cm","10650464604",,"150 €",,,"https://fr.shopping.rakuten.com/offer/buy/10650464604/hisense-hise58ae7000f-58.html",,
"TV LED HISENSE 55E63KT","10701690779","449 €",,,,"https://fr.shopping.rakuten.com/offer/buy/10701690779/tv-led-hisense-55e63kt.html",,
"TV LED HISENSE 50E63KT","10701690783","399 €",,,,"https://fr.shopping.rakuten.com/offer/buy/10701690783/tv-led-hisense-50e63kt.html",,
"Platine gestion Hisense RSAG7.820.8698/ROH en parfait état de fonctionnement ..","10666199633",,"45 €",,,"https://fr.shopping.rakuten.com/offer/buy/10666199633/platine-gestion-hisense-rsag7-820-8698-roh-en-parfait-etat-de-fonctionnement.html",,
"Platine gestion ou Principale Hisense RSAG7.820.7655/ROH en parfait état ..","10666199626",,"50 €",,,"https://fr.shopping.rakuten.com/offer/buy/10666199626/platine-gestion-ou-principale-hisense-rsag7-820-7655-roh-en-parfait-etat.html",,
"HISENSE 65A66H","10334668570","804,99 €",,,,"https://fr.shopping.rakuten.com/offer/buy/10334668570/hisense-65a66h.html",,
"HISENSE 85A6EG","10334663052","1 772,99 €",,,,"https://fr.shopping.rakuten.com/offer/buy/10334663052/hisense-85a6eg.html",,
"TV LED 40"" Hisense 40A43G","9964489835","234 €",,,,"https://fr.shopping.rakuten.com/offer/buy/9964489835/tv-led-40-hisense-40a43g.html",,
"SMART TV 50"" LED ULTRA HD 4K HISENSE 50A6HG","10444463718","398,99 €",,,,"https://fr.shopping.rakuten.com/offer/buy/10444463718/smart-tv-50-led-ultra-hd-4k-hisense-50a6hg.html",,
"TV intelligente Hisense 40A4K LED Full HD 40"" Wi-Fi","10188113789","265,60 €",,,,"https://fr.shopping.rakuten.com/offer/buy/10188113789/tv-intelligente-hisense-40a4k-led-full-hd-40-wi-fi.html",,
"TV LED Hisense 32A43G","9614169425","179 €",,,,"https://fr.shopping.rakuten.com/offer/buy/9614169425/tv-led-hisense-32a43g.html",,
"HISENSE 50A6EG TV LED UHD 4K 50""","9403431975","515,71 €",,,,"https://fr.shopping.rakuten.com/offer/buy/9403431975/hisense-50a6eg-tv-led-uhd-4k-50.html",,
"TV Hisense 40"" LED 40A4CG FHD Noir","9263550602","292,99 €",,,,"https://fr.shopping.rakuten.com/offer/buy/9263550602/televiseur-intelligent-hisense-40-led-40a4cg-fhd-noir.html",,
"HISENSE 43A6EG TV LED UHD 4K 43""","9403265089","542,21 €",,,,"https://fr.shopping.rakuten.com/offer/buy/9403265089/hisense-43a6eg-tv-led-uhd-4k-43.html",,
"TV intelligente Hisense 55A63H 55"" 4K ULTRA HD DLED WIFI","8906726289","426,92 €",,,,"https://fr.shopping.rakuten.com/offer/buy/8906726289/tv-intelligente-hisense-55a63h-55-4k-ultra-hd-dled-wifi.html",,
"HISENSE 70A6BG TV LED 70'' (178cm) - UHD 4K Dolby Vision - Smart TV - 3 X HDMI 2.1","8979299552","759 €",,,,"https://fr.shopping.rakuten.com/offer/buy/8979299552/hisense-70a6bg-tv-led-70-178cm-uhd-4k-dolby-vision.html",,
"TV LED HISENSE 50A63H","8421699557","360,29 €",,,"1","https://fr.shopping.rakuten.com/offer/buy/8421699557/tv-led-hisense-50a63h.html",,
"TV intelligente Hisense 65A63H 65"" 4K ULTRA HD LED WIFI","8906726404","550,24 €",,,,"https://fr.shopping.rakuten.com/offer/buy/8906726404/tv-intelligente-hisense-65a63h-65-4k-ultra-hd-led-wifi.html",,
"Hisense 55AG6CG LED TV 55"" (139 cm) UHD 4K, Smart TV, Vidaa U5","7948374055","909,75 €",,,,"https://fr.shopping.rakuten.com/offer/buy/7948374055/hisense-55ag6cg-led-tv-55-139-cm-uhd-4k-smart-tv-vidaa-u5.html",,
"Hisense 55A66H 55"" (139 cm) TV LED UltraHD/4K, HDR","7886073972","582,99 €",,,,"https://fr.shopping.rakuten.com/offer/buy/7886073972/hisense-55a66h-55-139-cm-tv-led-ultrahd-4k-hdr.html",,
"TV intelligente Hisense 75A6G 75"" 4K Ultra HD LCD WIFI","8141124847","729 €",,,,"https://fr.shopping.rakuten.com/offer/buy/8141124847/tv-intelligente-hisense-75a6g-75-4k-ultra-hd-lcd-wifi.html",,
"Hisense 43A63H TV LED 43"" 4K 50Hz","8324106762","329,70 €","349 €",,,"https://fr.shopping.rakuten.com/offer/buy/8324106762/hisense-43a63h-tv-led-43-4k-50hz.html",,
"Hisense 40A4EG LED TV 40"" (100 cm) Triple Tuner, WXGA, HDMI","7886073974","306,99 €",,,,"https://fr.shopping.rakuten.com/offer/buy/7886073974/hisense-40a4eg-led-tv-40-100-cm-triple-tuner-wxga-hdmi.html",,
"HISENSE 75A69G TV LCD LED 189 cm (74"") 10 bits Ultra HD (4K) HDR","8058779422","799 €",,,,"https://fr.shopping.rakuten.com/offer/buy/8058779422/hisense-75a69g-tv-lcd-led-189-cm-74-10-bits-ultra-hd-4k-hdr.html",,
"Hisense 58A6FG 58"" (146 cm) LED TV 4K Ultra HD, Smart-TV","7952974770","449,99 €","400 €",,,"https://fr.shopping.rakuten.com/offer/buy/7952974770/hisense-58a6fg-58-146-cm-led-tv-4k-ultra-hd-smart-tv.html",,
"Hisense 50A66H 50"" (127 cm) TV LED UltraHD/4K, HDR","7886073969","399,99 €",,,,"https://fr.shopping.rakuten.com/offer/buy/7886073969/hisense-50a66h-50-127-cm-tv-led-ultrahd-4k-hdr.html",,
"TV intelligente Hisense 43A7500F 43"" 4K Ultra HD LED WiFi Noir","6868082582",,"350 €",,,"https://fr.shopping.rakuten.com/offer/buy/6868082582/tv-intelligente-hisense-43a7500f-43-4k-ultra-hd-led-wifi-noir.html",,
"TV intelligente Hisense 55"" 4k Ultra HD LED WiFi","7006147803","442,99 €",,,,"https://fr.shopping.rakuten.com/offer/buy/7006147803/tv-intelligente-hisense-55-4k-ultra-hd-led-wifi.html",,
