"name","price","rating","fromShipping","shippingCharge","seller","IsRefurbished","sold","Top Rated Plus","url"
,,,,,,"false",,"false",
"Apple iPhone 13 Pro Max 128GB Unlocked AT&T T-Mobile Verizon Very Good Condition","$844.95","5.0 out of 5 stars.",,,,"true","84+ ","true","https://www.ebay.com/itm/295317457187?epid=4049279892&hash=item44c24ac923:g:7J8AAOSwa~JjZXcE&amdata=enc%3AAQAIAAAAwCz9T5Po739%2Bep2TcWz3zZFDrM%2FmM7Khwdz%2FoDF5QFJ8VUEiXcMKkxWpXVgal2cwLvzV9J1V728WPCu8BbtenuJy03uyKNJVfzFIhrffOq%2F4K53Ryt74gSLIiR455u9y3OA4QiulrPr1jL%2BGf3Sxv%2FS0bItHfJ7%2BpK%2BVxYWjK6sN4FOq29EQw7umnYhp%2FBrTTbztt3Z0XOrc%2FJhMfbQqS0BzqoHs7bzdHBJlFDW7WUSDwhbzcc1Y%2FNgedm29D5MQig%3D%3D%7Ctkp%3ABlBMUKDo1saJYg"
"Apple iPhone 13, A2482, 128GB, Unlocked, Very Good Condition (Free Ship)","$591.76","5.0 out of 5 stars.",,,,"true","93+ ","true","https://www.ebay.com/itm/354593664308?epid=13049280970&hash=item528f6ded34:g:MUwAAOSwuJtjcrgK&amdata=enc%3AAQAIAAAA4N1z%2BUq2HgUSe8WvUXH%2B9UglsD3%2BXO7JhX4MyuyNQp8dZRXWF3yJaHba%2Fof0edb2Xs6ielorvnwlQrsv6urnguLt%2BJzj%2FuNI51Y3Cy3PYoeLvGdBgcdJTATU9ci8Q44v4lFUVSTBg9uNoaRQPizEa91uyrExwCBnCyNtWSR%2BV9Ggcn%2FWNOOrHKJeudc97qVSrb7hzzprunPmPW2XHaHlpaHD3BwHdZCmCLWDq8nXPfEgH7upTTgiqaNgEqUD1IfYwahidyAaTDM3zZJ89beTPtVFyJwhjM3YDnHwhfblaJet%7Ctkp%3ABFBMoOjWxoli"
"Apple iPhone 13, A2482, 128GB, Unlocked, Good Condition (Free Ship)","$560.91",,,,,"true","99+ ","true","https://www.ebay.com/itm/354393355064?epid=19049287617&hash=item52837d7338:g:DDcAAOSwEjhjcrCI&amdata=enc%3AAQAIAAAA4H0%2F%2Ft8RvWoiDsk4gkpNefSJWUe363uSN3swSFhTH1EP0CUCrLYEh0MB6f3gvbyfH1qs2RRMnw7CoiEbYi1a4bvLbzRhy0KAbZgX5LSpiFD%2FUp3%2FhN5e29RP0DlXcVQ6XxxXOim1LWVAAr2C04Kndd9S%2FzzkJLBp6BPoJs9kCC%2FACeTBa1Mzeq67eA0FwVj%2BuoCQTiQC43r3ss%2FW4tfUSMXE06XM4c83cWpgVKmb%2F7o8yGcTKmHgDs9HnlQ4EwVEZdPKe0W7hTXAZlpRGLxJZNe5bI4iG%2BUY6QOrjVALn9BN%7Ctkp%3ABFBMoOjWxoli"
"Apple iPhone 13 mini - (Unlocked) - 128GB - 256GB - 512GB - Excellent","$499.00 to $619.00","5.0 out of 5 stars.",,,,"true",,"true","https://www.ebay.com/itm/364259821916?epid=10049287400&hash=item54cf93c95c:g:NZEAAOSwcUFkSqcI&amdata=enc%3AAQAIAAAA4CXD3yZZ1NEcEif%2FnfLFcPGoaHeVVFFArldVpjfyqxXOTmCuatO64KNKOs3zzOdCbgX0VKCk5Nm6nq81JD4xvPfdf1NqrD7Adc2DQzwgoQ4uIrArrBNt4chGcx0GklCBwdkqxMIHoEVQAxv9zCP1E7p6mHP%2BGsY38uOmZIJPOJ1d9VUpzhw3JwqtDBj%2BcmQEA5ctltHzIOHgQka0skrsC32EmcgZ8SWLw896lIlkIFZIy9kXvKCPPUX2%2B3ewrhrWYuUEt2hCVQVRg%2B3eubJzUvIFnu8SAf8XiAyqyfKIhxwh%7Ctkp%3ABFBMoOjWxoli"
"Apple iPhone 13 Pro Max, 256GB, Sierra Blue, Unlocked, Very Good Condition Apple iPhone 13 mini 128GB Factory Unlocked AT&T T-Mobile Verizon Very GoodApple iPhone 12 64GB Unlocked Smartphone - Very GoodApple iPhone 12 Pro Max A2342 128GB Unlocked Very Good ConditionApple iPhone 13 Pro Max A2484 128GB Unlocked Good Condition (Free Ship)Apple iPhone 13 Pro Max 128GB Unlocked Smartphone - Very GoodApple iPhone 13 Pro 128GB Unlocked AT&T T-Mobile Verizon Very Good ConditionApple iPhone 11 - 128GB 64GB - GSM+CDMA Factory Unlocked ""Excellent'","$928.96$454.95$364.95$679.77$849.80$839.95$734.95$335.00",,,,,"false",,"false","https://www.ebay.com/itm/354384496381?epid=21049288275&hash=item5282f646fd:g:ub0AAOSwSzZjbBNb"
"Apple iPhone 13 mini 128GB Factory Unlocked AT&T T-Mobile Verizon Fair Condition","$389.95",,,,,"false","49+ ","true","https://www.ebay.com/itm/294838709182?hash=item44a5c1abbe:g:XLwAAOSwz5Rjrc5f&amdata=enc%3AAQAIAAAA4BU5xfzlmJIZiBbq2%2FTrvgtb%2BcQyxqhf%2BZ1XBiuvrRYY0%2FhGKZsv0ArNIlJnCNiVye1YZeixHH6i0VqtXLxunrQrCTGvFeY33Pcg84espKH4JmVT8fvyHy6bSvDvgf6KNPfZD1iinLOf994GwHuk0eMDlxPafay7RFwv%2BMlZkJPfJP%2BZ9IZBAhFuryTU2Ew63qqqAAZMomAZB4HS6u66mh0i0Tjn6N9iqnZdMpJz%2F8unEcGePz3JynCmWNbZcG1qV%2FUDGlZLG2xVkLGzo59hXgNymHjeRm9o296sbktHIOvn%7Ctkp%3ABk9SR6Do1saJYg"
"Apple iPhone 13 mini 128GB Factory Unlocked AT&T T-Mobile Verizon Very Good","$454.95","5.0 out of 5 stars.",,,,"true","184+ ","true","https://www.ebay.com/itm/304517572567?epid=9049279823&hash=item46e6a967d7:g:~r0AAOSwb2Vi~QJg&amdata=enc%3AAQAIAAAAwBoUNWfK1WYkwfYdbfJr9NitV%2BBizQJlgXPZH4s3WwwdbhkDlflKnBjXJry6I0dNFCkFDh64N0F%2BKDtqD8eflk%2F5tkRzPvyhUgEHZjEuWx%2BRhIVqu%2BtiWqjlsI0SeaUxOIfdvREa4%2B%2BRBaiSfw5tbfaCatzl0lUougGSxR2qaxWYCOxSqVEQzLSnaZ8Ec%2F%2BnSP8sU9RRXFEw8wmO%2BsvWgoR0pWqhgFfO%2BVqCBWfWSlM5K1SRc8y9CzhBetRXddUCMQ%3D%3D%7Ctkp%3ABk9SR6Do1saJYg"
"Apple iPhone 13 MINI - 128GB 256GB (UNLOCKED)ðŸ”‹100% BATTERYðŸ”‹âš«âšªðŸ”´ðŸ”µ âœ¤SEALEDâœ¤","$579.95","5.0 out of 5 stars.",,,,"false","9+ ","true","https://www.ebay.com/itm/225494721576?epid=3049291490&hash=item3480886428:g:q44AAOSwYQpkHlBJ&amdata=enc%3AAQAIAAAA4BC8J37hVlGYWUrTT7GPV1elTfGa0UH5LOP3vBl9FtRaoZYyXuWBbEKgT4cpBhOcL4qH4LHbgI8ryqGCKjnwVNc9bT72C0sn%2Bu21VH%2B6ZPy297Dv%2F2wRy6TKNE7acEfA5Gp9ndsdjFXEqagjE0U8Jii1CXYcZdNk3UtAcnha9pwTvksBkuy2VjEHllw6KM26AWSpYP6EBqbuuJ0EhN0XPfLoW3nAwDI9icFvW7bcGhr6vm9gl%2FoXBVoWMfF8Eb%2BZguNEe%2BOB1ue2rV4crzSwr2xFc3QvGPMC7%2BZKkjhcebRS%7Ctkp%3ABk9SR6Lo1saJYg"
"New ListingApple iPhone 13 - 128GB - Pink (Unlocked)","$405.00","4.5 out of 5 stars.",,"+$10.65 ",,"false",,"false","https://www.ebay.com/itm/166118847347?epid=6056697987&hash=item26ad747373:g:M4gAAOSwBgRkbVe8&amdata=enc%3AAQAIAAAA4CXB2aixVGkVYSZI%2Bmg%2FCFCxNFWPZk%2Fouu8r2xBh%2FdImGvndwQW5EX8sc9LjHKtqE8ebHbXXGxlGLfzL4iQQOodWkfTsCGp1nRhqwWh2LAvm5i99IhsE4QwrkJG3btebEQZgdQRqd8xLvzkDjCQNT2ggCUBbvGewOasSdtKW7m%2Fj%2BHUMYdmtwcsPJPclRKoWbkA%2FrQ%2BCDWJZtg3qxl3WqHAu3SbdiijhDHk2ahUe6r8tJrVPKTx9NzErs38HCHm4pZ5skw1buPwA9y9lUVC0lg%2BI9%2BE9No8aLQFnI0nwZOBE%7Ctkp%3ABk9SR6Lo1saJYg"
"Apple iPhone 13 Pro 256GB Unlocked AT&T T-Mobile Verizon Very Good Condition","$774.95","4.5 out of 5 stars.",,,,"true","88+ ","true","https://www.ebay.com/itm/304600815041?epid=28051907537&hash=item46eb9f95c1:g:sn4AAOSw0JNjZDez&amdata=enc%3AAQAIAAAA4A%2Buvw8osjoP5M4rHXkzNuOTakWYTKa3jB%2BujVcQDrAHUiYZbKoV4zcxCW4SneMOxwnPC2IpUwtZ6AoS9h3o7EheXdXdgElS%2F4iaSnqkRIvs3Ug1vWIoTQKRywnWYBBDE%2FPY4cRbMaTOL7GSykrIbtRXqNO9ahzl3aH9Y8zwqifN1DJ7fLzqRAY61e%2Fz%2BxGSiMuaSk7DC4iFHPtqLzSMa00ptbnkmZ3hDK%2F8lOJC%2B9ue4ROchMxAEi%2FTn3I0dgvt17ndOkLJ%2Ft6R7EG8F79c%2BsSWS%2BLVo2Dz%2BN%2Bu%2Bl7PuajV%7Ctkp%3ABk9SR6Lo1saJYg"
"Apple iPhone 13 - 128GB 256GB 512GB - All Colors - Good Condition","$507.00 to $523.00","4.5 out of 5 stars.",,,,"true",,"true","https://www.ebay.com/itm/284798167339?epid=11049276145&hash=item424f4b292b:g:rqsAAOSwLwZiar2B&amdata=enc%3AAQAIAAAAwFQmWpT%2BbCou6vQtkpni4zxtn0FGMjbnu12SW5%2FnP3Sq1ykx0OzXVSketFrnPZWtcJNzktRWfpwyUpvipMVHP6gtEMkPyzmdJCF%2FZEk1P%2FKWMOveIGPFK%2Bn%2BpMstM0sSLAgUtBWb3mvPgq6f8Jjw4F30%2ByNUqTV7kTGKqXVGB7EyZY1s%2B1sCxMmj0oNNnKyttvD2O4UfxIc0Csn0FD6mfJedS4C7amJ46mUMsKimPw4S1aFk5H8Zm6X%2BcyUedkF04Q%3D%3D%7Ctkp%3ABk9SR6Lo1saJYg"
"Apple iPhone 13 128GB Unlocked Smartphone - Very Good","$574.95",,,,,"true",,"true","https://www.ebay.com/itm/404240048516?epid=18052738374&hash=item5e1e95a184:g:L38AAOSwjZ5kNFYd&amdata=enc%3AAQAIAAAAwPK%2FHG21U8FLJiy2%2FUEd1w3eZPmj3pCnEAjHTkY8Trji0k1X8NulWkqmF2Ku3M3CRoMalw9GUSMlzAdMHBULVqrSUYF86E5xugMcVmG%2BE3%2BfWjcoS56hTBFJLE%2B1sh8QR4RCIhUJ0J2Cq%2FpUlNCOLHV7A83j%2BvgjdtO8zScYqNDw25vSK1h2iya6%2FyJgn%2BxcAh1hTBOqDwjlKh8AKNS2xt%2Fd0Ql%2F04Z3%2BtU%2FhQ9E4nsMBwL2dQnrP50wPPBOChCh6g%3D%3D%7Ctkp%3ABk9SR6Lo1saJYg"
"Apple iPhone 13 - 128GB 256GB 512GB (UNLOCKED)ðŸ”‹ 100% BATTERY ðŸ”‹ âš«âšªðŸ”´ âœ¤SEALEDâœ¤","$684.95",,,,,"false","22+ ","true","https://www.ebay.com/itm/225505602327?epid=4056419506&hash=item34812e6b17:g:C4QAAOSwOf5kJ46s&amdata=enc%3AAQAIAAAAwOp1aCrlbaARIbk1Xm4mNEHd6FMZmgGAOPIrHIblM3F4ZGYbjn1832qNYMsU%2BAtvH4RQMrJkQ2k8htuRuagiCfluUzpLjMgmLWcKbvfKxnvXKi3sC%2F1INHR9GMF9N2zPWUTE5OsVY%2FbKRRjem%2BRiD%2FfvQ5lWn5ATeKkt4p16LqqessUsVpeyQFIrE0sF5KklNp2k%2BgTBjV4QOGnf8Uk%2Bm29TsxOq4G2f%2FgiyZ22nThm%2BO6jFyNW%2BxmY9PTUt6yTh3g%3D%3D%7Ctkp%3ABk9SR6Lo1saJYg"
"Apple iPhone 13 mini - (Unlocked) - 128GB - 256GB - 512GB - Good","$469.00 to $569.00","5.0 out of 5 stars.",,,,"true",,"true","https://www.ebay.com/itm/364235588726?epid=4049279846&hash=item54ce220476:g:NZEAAOSwcUFkSqcI&amdata=enc%3AAQAIAAAA4PsibznDwAGF4ZeY3jgYs4Nv14%2FtiOMLXuv8S5rHLKv3Ou%2BZlm74oWbupWEKFvV6KMvFDAU7MhzyuxMexhmk7u6OrKDbDaHITja2J6LITXq%2FlI4bglRwtuEhjk2NZJD7P4NKPtvw4fAlguuD%2FEo1v3jwxl%2FCzi9qgVbeUg1j3WEaw8iQYgMdrrhda5cIV2myUN4u5ve6PE6iBR81B1uVxw6136m2yRWKSy98dtDVjLebKJX%2B6X4Bwc65%2Brm%2F6w5A0BPHqGhkXp%2BjbI6g3XbcZW2P5wC0ap6wtiFdGOrdoz0%2B%7Ctkp%3ABk9SR6Lo1saJYg"
"Apple iPhone 13 256GB Red Unlocked Good Condition","$549.99","5.0 out of 5 stars.",,,,"true",,"true","https://www.ebay.com/itm/354735057389?epid=24049280306&hash=item5297db69ed:g:as4AAOSw84tkQxEz&amdata=enc%3AAQAIAAAA4GgXFDpcdwfLyqBz1bvtZhCasY4j0C6PE%2B4bi2SePcQ%2FoIqWiOf9w8JxnAKuTkyfZNSojWZuZ8JBJKgg3faZOT1pqKkZPYLqehVx6TstiiJsM6zSMu7Eo4jNSKlNuscdc2Uf1eNmLQhQvPujM%2Bvj0rrCjBY1L0ycnqYEckC4iZN95lWZdeIgktscA7uRHoLhoVeYPSbJ2wEEVmH70tqxrzptuSvY1OWGQAUuyc4W4hA6YbCLfKdM9mJr4F%2BIljofAQSIuGx4kokk87dY4b0F2apCdjd3EAJ%2FaeBnloqfACCH%7Ctkp%3ABFBMoujWxoli"
"Apple iPhone 13 mini 128GB AT&T T-Mobile Verizon(Unlocked) - Good","$479.00","5.0 out of 5 stars.",,,,"true",,"true","https://www.ebay.com/itm/144898277063?epid=4049279846&hash=item21bc9c3ec7:g:voQAAOSwGLZjwbQT&amdata=enc%3AAQAIAAAA4F8OVKouJfCK2m1qu6TELuWi99Xhu3dYxUTAHeKlq%2Fj3pv3ic3D0qzzz5Vxnrr3gZrX%2BviCvYjmjE6fGFMAjWJ8c8ktkoT3fjW8djcQa2q68YM%2BhPGsKwDJR5fHaJuKi%2FZcUqM1xJMnOi25JQKIHFrhocdKAedeGNdL8PJLAdMsyojTn9ZItlCMXTbk%2FXznS7iSa5Wr0XVIduJTkWqAtl%2FFLfxvM4wiackrPtcMHAnINtfdN8vg4OhMK5vDkRHNd2kgdiqizZdibL8z63OZ0W1X0BYccPK1RXBe0AxQaSWAU%7Ctkp%3ABFBMoujWxoli"
"Apple iPhone 13 Pro Max A2484 256GB Unlocked Good Condition","$902.74","5.0 out of 5 stars.",,,,"true","212+ ","true","https://www.ebay.com/itm/354393204966?epid=21049288275&hash=item52837b28e6:g:jeIAAOSwZU9jcpQ-&amdata=enc%3AAQAIAAAA4KKPegd2iSictFUPVlrxJQ0Eh5hbiTptD7ATXwxirG7KayifJuZJ77W71W02o3XYjGsGm8T79O4cB7QLd4nGJR5opmuI5oHwggSZ2V9UyccDwPYlBqmUu8hrzmBUEjnkQaKsQaYaXozqhQtvJbDx9wHzlZR8MPXolwwjBb3hzdMLqjW%2F4FC5YA0rYRccoCPMxKVDf3CBbAwLMUZZXEmAHAEQJiP17qt6kuz7oqHjD6j9QoydKDhkMIenEu456LSxaPcK1%2FF4JPdyOJ7CVOJ%2Bs4WX9KpMSjsLry5NAkxu2X%2Ft%7Ctkp%3ABFBMoujWxoli"
"New ListingApple iPhone 13 - 128GB - Black - Verizon Wireless - Battery health 100%","$425.00","5.0 out of 5 stars.",,,,"false",,"true","https://www.ebay.com/itm/225588599483?epid=19049287599&hash=item348620dabb:g:y5QAAOSwdkZkbPH0&amdata=enc%3AAQAIAAAAwBo2SGolcUQORETVCZaYQgh%2FzRIdno4xyEoB1Oum88AmxY7he5zDzwdwuqgi0GaP0RSA%2FWnIxY2crrgiEafQPDBxjNZwmPBH2xiqbU2ZffZmGTbb3bkW4mcdxozSs%2FFQhsi9XEge4h6pP3luD6Mdd7%2FhTRroNCHz1EwanaIpvg7596nIYPogK3qi8ASqe20KJCpYeY18TXZS2F1NtDO2qnMxZn1Vot7nWVq1wM3lfZEl%2FyVxPq18SgNUUKmCUH9T6A%3D%3D%7Ctkp%3ABk9SR6Lo1saJYg"
"Apple iPhone 13 Pro 128GB Unlocked AT&T T-Mobile Verizon Very Good Condition","$734.95",,,,,"true","132+ ","true","https://www.ebay.com/itm/295217227352?hash=item44bc516658:g:QnQAAOSwKFxjZDd~&amdata=enc%3AAQAIAAAA4OktIytn192kMzQEL6uoUcvEP%2FIfS9fU5hNNZOdEEvh7j3se0k6CfpdkeIymdy2F%2BlBGuCAdHgM0ynlkXtTe4bIv88impLmiW7dVuIcWW7OOfXyoobsSWm0o0BNNC1kCh1IgEdWc2LCRHNvqzyFytyzNR6qzOSSZos0hVHH4T9pznaqT%2BSQKh248pBA0YXiEp67UBq9ChNBTJEQqXOFUie0w%2BK6iw1sT7kCGa3b51IB%2BDN5n%2FIdaSgArE7UVg9ZkBJYSXqOh%2FyOr7iPU96TVTGvJfwD2pVH0inEHRfDKztOw%7Ctkp%3ABk9SR6Lo1saJYg"
"Apple iPhone 13 256GB A2482 5G Factory Unlocked AT&T T-Mobile Verizon Brand New","$699.99",,,,,"false",,"true","https://www.ebay.com/itm/275829442103?epid=21057418168&hash=item4038b74637:g:PuQAAOSwQzRkW9h7&amdata=enc%3AAQAIAAAAwAgHFy%2FvblNS6FDNKxTnDghAFzUSNxO98GwjmNS4hlEgoQZpwDyESc6ed%2FOBNoYyNcBZtV2SBzOyMtuDj4td8m2TC4iKRY%2BzjUhPTphG2kb7xsL81STmCmuSopCBcHbtyuBd3L7OXNHi0x%2FVdFNz5EF1UYd6Lp9291pfOjMwBsgdUZpYuaUId9PbUmGmnkXZWmMhL79P9OsB%2B5CEPJpGr%2F6xmlUNN5FjmR1AhPDa%2F5EuVYuuSgiY836M3PVXSUR4Ow%3D%3D%7Ctkp%3ABk9SR6Lo1saJYg"
"Apple iPhone 13 mini 256GB Factory Unlocked AT&T T-Mobile Verizon Very Good","$489.95",,,,,"true","20+ ","true","https://www.ebay.com/itm/304657420318?epid=14049280130&hash=item46eeff501e:g:UAAAAOSwJaxjRFUl&amdata=enc%3AAQAIAAAA4OQDfS3e08W2oxZDx4bago7dLNB97J0NIoWwR%2B%2BPl0CSPZScO02WfxjjKB1dTlJ%2Bb69dIbjSNojrVGgaav3lms30xAvAh3adxaly4EATqScGmExBS2AxA18YrqzKVbJS0JmF8QrKBl6CzumUnwn6Xo5r3IQdHBz0nfjpBzVQxgXTTa62EdDLMFR%2FDALuQw3tzZuuzZoLYKFF1C4Lfg1cf0Es1aBeF2%2BjCryWg24RG4PtpQKBKjhzLK%2BVSKeLPiH%2Bx%2FX7I79re6TIllmfDe1cqWaldP72Qgw1h5rj0yW0jEY3%7Ctkp%3ABk9SR6Lo1saJYg"
"Apple iPhone 13 - 256GB - Blue (Unlocked)","$489.99","4.5 out of 5 stars.",,"Free ",,"false",,"false","https://www.ebay.com/itm/155563643006?epid=2320328674&hash=item243850d07e:g:P9UAAOSwChVkWb0Z&amdata=enc%3AAQAIAAAAwPTfUYDPEJRwKD%2Fq6iS4UukXbuAwpU9rjWWwwRhm0yo2mNLVOjbOgR2lSdNN7mPiB2viv3w86o8eicqut30DhJHGlYXDBnffrq%2BbTqUJDNCDYgSXDGbrGIyr5wVolVzBGaxmzkdrtJFS0UWOS8xmFbunaZ%2BuF5Kb2K5MQc%2FglyRYuE8lE5ApTXGT4edX379wCha1m2ekg5vPg3WbI0qkpkmqCIofgmnLGe2tAMVF21tNOie49z6%2FzEsBlVEZSNG9pA%3D%3D%7Ctkp%3ABk9SR6Lo1saJYg"
"Apple iPhone 13 - 128GB Unlocked Midnight","$335.00","5.0 out of 5 stars.",,"+$9.99 ",,"false",,"true","https://www.ebay.com/itm/385631052916?epid=5049289956&hash=item59c966e474:g:ePQAAOSwy4pka91u&amdata=enc%3AAQAIAAAA4A%2Brgnf%2FQle5gi1yJjHjenacsShiUSYbvPzKLK67UdmF2RHPU1J2oAIgzuCQZeBqx4bTGZlEmJSXUMWzzKto6pjMk4w8EM1vS%2BTqz6yGNoW66oqRPUpv5p4%2FUJUDwcXp0ktQ7gkz56V4bqCAGi5O5WiqstuzaK883ByjknvB4%2BxG93d7OnfJzgoWs%2FQDhsrg9rpjFcnIVxPzLfc3A8Yn2f75oQiOddMmKbQcF9R5IlVv8GJZtn8rBePl0Gyvo%2FngObpWWYNcuxk2umbhUxaGzSvQPKQ690ADWEjyRAZdcbN7%7Ctkp%3ABk9SR6Lo1saJYg"
"New ListingApple iPhone 13- 128GB (AT&T) A2482.Excellent Condition.100% battery","$449.99",,,"+$7.15 ",,"false",,"true","https://www.ebay.com/itm/304950236091?hash=item47007353bb:g:Mq4AAOSwfKJkbOul&amdata=enc%3AAQAIAAAAwDiKyuuP%2BgKL5f%2FOjXX5By2R4K%2FIHY%2FT8zsdLpzVW8BmIDd1L41waCVp4I8hkwA5H7zRnSEThuRg%2ByTFXrah7vjjlFgkZ%2FbXnz2xpXy3hW8HAZYpGjqABE4ehAkyQ2rtXJS7vv4LZXEDVgAQLr0gDQgajsz8Xp87HOH72rGTS4JR5xubQz2RTtnawDT5dFVCh%2FcJRlU8eylZR3b2BZ4i5UehW4g0Wv3L0R7Z3Xw8IpysOTci1Yc6H%2BvmkIaq%2BE8L1Q%3D%3D%7Ctkp%3ABk9SR6Lo1saJYg"
"Apple iPhone 13 Pro Max A2484 128GB Unlocked Good Condition (Free Ship)","$849.80","5.0 out of 5 stars.",,,,"true","216+ ","true","https://www.ebay.com/itm/354593679546?epid=14049280195&hash=item528f6e28ba:g:fosAAOSwgb9jcpMC&amdata=enc%3AAQAIAAAA4BxlmvDFM6XhoC8%2Ffy5OEyTmK0TilJa7N7NgopVnI9x%2FhNT1aYtde%2BRpHa9vXbX9fB3B%2FIx1%2B6YuKLeZr9mimsgt6Dv6brixhRUM3MBT85HArjkMVOFGAXXKojN6CFYe%2BPk1A%2BZzu3hDpeA0CyDh%2FlzFSZHckFz3FWaPL323ZAmwiVCg5M8qx%2F%2BThrFDHaAJ1qODEd%2FN%2BpJyZvu9HyubptfbuIZEWWo7k%2Fd1chR2jpApjCGkuGJpw25LwDIZXuNGm1JNzXr3H0qOVnxZyjCUwIjV2d8BfLDpGGedtN56iydX%7Ctkp%3ABk9SR6Lo1saJYg"
"New ListingApple iPhone 13 Pro - 512GB - Graphite (Unlocked)","$514.00","5.0 out of 5 stars.",,"+$17.05 ",,"false",,"false","https://www.ebay.com/itm/235022710351?epid=26049291157&hash=item36b871f64f:g:P4cAAOSwSQxkbPzy&amdata=enc%3AAQAIAAAA4DExYeONGUtI0cb9pq6TwfIQBAG%2FH0%2FPPJToUlbnAlnS1RcDuD4MD8nKqd8olqSn0ZxeyCu10kNxhfLD6vxaHvYktFcW0U38giIqe6oPxXakyc9SnjAydMmTD%2BuM3gBt48D%2FET6Hp%2B4Z%2BtVbkOq2fnGHKlIe5tgUxgT7Bzpjw3ybhb17WdBHKqowjwRWbe778pEddV0aR%2F4OMps6cTf6yWL7qn20AslE5DKxIdBj8fb8DeUApF4oLlzcjfZd9Xi%2BbzIXpsPybEV3m1uUQQeRpMduLicBOMZP6zCpuPglg%2F8z%7Ctkp%3ABk9SR6Lo1saJYg"
"Apple iPhone 13 - 128GB - Starlight (T-Mobile)","$355.00$600.00","5.0 out of 5 stars.",,"+$13.40 ",,"false",,"false","https://www.ebay.com/itm/195778937178?epid=22049282542&hash=item2d9555815a:g:nHQAAOSw5SJkWRGQ&amdata=enc%3AAQAIAAAAwAvL%2BnctVUOjlPLTY7WVSLhtoBgNaN8Xlg6Y4tEWEIYz8i8jFZv9F4oquNur%2FBm8a%2B05R06bmilH9CbzX6zWSr%2BRKC6VP3Jpq7q%2BLd1eV39DwhnS0MVXcz14jQ9BUcNtfnulmT8vikDNJRTLu98eHPQjHm7AcjgdByQNyQrXh9olDEWVb3DS%2B88R22z6PCyzpVMZcwoni%2FddH58u3OMjN29Q541bZvWLVoXr7Zlr0SdI9lw%2FdUxRTrsziQDs7mUg3Q%3D%3D%7Ctkp%3ABk9SR6Lo1saJYg"
"Apple iPhone 13 - 128GB 256GB 512GB - All Colors - Excellent Condition","$583.00 to $670.00","5.0 out of 5 stars.",,,,"true","14+ ","true","https://www.ebay.com/itm/284789075414?epid=5049289956&hash=item424ec06dd6:g:rqsAAOSwLwZiar2B&amdata=enc%3AAQAIAAAA4GuzkKbBOlDURRaWG07tjTCmATJainUjxY8johNd1I1DnusGXtC07o9Rf2Au%2BqTmq0Du%2F5ZWa%2BS1EIF9ZLjwKQnPhOXRTg0otQp4njk8NiqkL0VopinQ6mBenIAC%2BUzACnKWlCVpze8jKyXvydXzh3U3zQqtrLtZ3d1yj47OJGOZw5Ud05v96ZpH3r1TbSWCEVA3alaNLvufsyuJBsD2hG3d4K4%2BwkDbr9U%2FTrApKeaKQcRzKEqhaMLdzUxAHD%2FCMYdajP4SGlt0HVBiKx3SmY3N8AkyqjEIl1%2BOHEzXWPRM%7Ctkp%3ABk9SR6Lo1saJYg"
"Apple iPhone 13 128GB 256GB 512GB AT&T Sprint T-Mobile Unlocked Verizon Fair","$409.99 to $569.99","5.0 out of 5 stars.",,,,"false","40+ ","true","https://www.ebay.com/itm/294477077136?epid=18049286543&hash=item4490339a90:g:2fgAAOSwrHFhbwu7&amdata=enc%3AAQAIAAAA4FdQbFJLXRcjVrX4NqPZltXaj4%2BSK4b76cmozDdGzAnNSSXZitW0bXaXAd6BX6seIxaSUxTOHba2U31fjkyepFl%2B11gn43eA7GglRPy%2FloDzoD%2BUP5qhXPB5jtJz%2BkS8Jyduc9CR7Y61Wb2%2BHF6yuKSWByrPPW%2FKUcIW8Vn4Ow3sGYDMkbHYL0a2z43V7fdkc98PGI0qM84sJsIDdps%2F%2FTGxu5zhpwuwISEvTdKSLAX5BX4zyk9TMJGkZq468f0GzTQEDIX1kf4lAv5Vb7KCzw1Atl%2BJkBSNn8ht32LyJHcU%7Ctkp%3ABk9SR6Lo1saJYg"
"Apple iPhone 13, A2482, 128GB, Red, Unlocked, Good Condition (Free Ship)","$560.91",,,,,"true",,"true","https://www.ebay.com/itm/354384496424?epid=18052738374&hash=item5282f64728:g:Nk4AAOSwvchjbBNe&amdata=enc%3AAQAIAAAA4G%2FNtr584Y8pkGxHWpyZP1nrV%2Bt7H2Hn%2B4JdohtOP3MdtbfA84WDCGkWKF6d39aiT7bTG6PguhOGQWaBCD59fouKiUh1pT3ZX7HvkLS1xKySJDQDhT9UinnXm5QiPXzq9TWkpOLrFpUHIkqH70JwMBShKZXIipyUqMzF6keKRAboqEewI5nqGD29WOJCfBnR%2BKVx2Acb5%2FylRiNZWfOFviN%2FX9%2BGVzdHVH%2BYijQuukZ10OAeWy22vx8zyYfkRxmEzB6PFoxynOmCl9fgzslvpt9l%2FEMCaoG6CDc62utKeZAN%7Ctkp%3ABFBMpOjWxoli"
"Apple iPhone 13 Mini 128GB Good Condition","$428.02 to $432.85",,,,,"true",,"true","https://www.ebay.com/itm/354748180889?epid=20049286477&hash=item5298a3a999:g:MEsAAOSwuIZkSwfo&amdata=enc%3AAQAIAAAA4O395GENiNmUdhPXZwQNYODKSoP28prASACPa9eUHvznXjxCv0imjYjfC7HrXBReQanJ55pGeMUhCBNRSLmn0A2g5lqvAcTyUtNVthNDOUZtYC1eHI%2BrKrw8%2FoBlUZccjL6gwW7unDnWY4GqvLW8mBFt4euJLFVEk14TvvVJHw8rxjjGLb6McYUGj5WB4i4fUMrZ05qL7sFKACLUCzSLQ19w0X6%2B3WfbA4ixSJquNqM7Jg8Vw%2F46QSVIzQEBhouLIATg33g4BJbt53EGTV3Z18dNsIp8F6w%2BeHfIC8NhAsIZ%7Ctkp%3ABFBMpOjWxoli"
"Apple iPhone 12 PRO Unlocked 128GB 256GB | Verizon AT&T T-Mobile | Excellent","$664.98 to $769.98","5.0 out of 5 stars.",,,,"true",,"true","https://www.ebay.com/itm/403357492284?epid=15041716810&hash=item5de9fae43c:g:HMEAAOSwLMZhtmgL&amdata=enc%3AAQAIAAAA4LFDRRjdrXpZCvcbsSkq2TaN0JcZbRSgigZDwYl3ltqku2JqsZgQo1qSKcJYRbbcJTrNQWoE3OxPjzylcwxkt9cVlVFgn4zJBHlOV3dUR%2FRGBX6Cjs8fO8Guysp4uiV0ddWcSTmcf%2B%2F%2BNNOmP2o6ytV8bMVmCfUaNWTUs%2BbWDmQ6eN8di6dKclH7KzTYcrunv8jCrs7Gndtv6gcLSuj2IKJao0nL5Wlff02wl1vq0qnzbruNI1fEFoRpGDhtG%2BnaRhip%2FecG5%2FNotmZpRWqfZ21PI%2FSGnbZDgtwnuiZM%2FLF5%7Ctkp%3ABFBMpOjWxoli"
"Apple iPhone 13 Pro Max - 512GB - All Colors - Unlocked - Very good","$975.00",,,,,"true",,"true","https://www.ebay.com/itm/144782700757?epid=10049287437&hash=item21b5b8b0d5:g:Da0AAOSwfddjWHLx&amdata=enc%3AAQAIAAAA4DCOo11vVD7G5MCHG3fslGEJCMeGFsa36QpfSGeu76STQ8pj3DZu6eax3RZI%2FeVuNLiMjJZShDUobf%2F7pf5IVHkH33khm2sTMonKQa9443fW5sJeOlK5ULHWNNTMNL%2Bz2G0XOxnbSHWDbFgEKEF1QFiBlFvh3Izmjy%2FTHeRLhQdBbtEfOB0d8LibK%2BYtljeplS%2BTVFv9un8Kzeka1S0ODAKt1nfVLY%2FaTc%2BY11eLHMjG5S7IGA%2B7WKhprHry8aQ%2F3ti3nnP8IA4%2BxijbH5H4Nr069sPrif0ECLNwK7xV%2BaAZ%7Ctkp%3ABFBMpOjWxoli"
"New ListingApple iPhone 13 Pro 256GB Smartphone A2483 (AT&T) - Sierra Blue","$212.50","5.0 out of 5 stars.",,"+$10.40 ",,"false",,"false","https://www.ebay.com/itm/364271277446?epid=13049280999&hash=item54d0429586:g:RDsAAOSwWnJkXj6~&amdata=enc%3AAQAIAAAA4LXinEYPbG3QdCC9MuTcr3luHzr%2FZgXeWVsGE6%2FZLDHdUTSkebL6E8kPAqP3QKjzEig8ioMwrojTHFX3tOZ0wk1hvLgwX4Knmp9nAP3RhbFSuJ4%2FXSoe%2B9OQPKoeTCLqEqlIWTQC43LQJvtfe7Vv8Hxd2o%2FhQWsBWK8sUqB6BOk07DqXOys9S2QFQn0e1Ss%2BJKWdo9U%2FNEOpRUENWLBq4iAnsOqqsW87Z2zjuhCMEKYM66AtWkzIvbZjZp0v8HumiqirydiHhohx8UctQ0HcmjIdU0liZ6qDg4cNtAYKhEoK%7Ctkp%3ABk9SR6To1saJYg"
"Apple iPhone 13 Pro Max 128GB Unlocked Smartphone - Very Good","$839.95","5.0 out of 5 stars.",,,,"true","144+ ","true","https://www.ebay.com/itm/403900771306?epid=16056775969&hash=item5e0a5cabea:g:V7EAAOSwbhFjLLxB&amdata=enc%3AAQAIAAAAwCBsjyVaNkMAEqs%2Fn9dRGFJIUTuXjgXfyVA0EjWdphvfY3woSFfsx95f3MLqOTeNuLN3lR7n7GAJKFPqjeprE55luEavXBOiYl3HwQhEmPmKBXkLtlhrQa8S9MTv1TrLV5SOq4bPvRPJLjD1spmfGRFhe%2BX6HFgH5vMR13tDZEMlgovFbjh7YRVLS2MmKcD4%2FjVB6NO%2BuWdeGHvGEpL7wsxU6ftMvv8ttyckFkmrrrJFSLGLegy%2FcKjNKxh91OK6uA%3D%3D%7Ctkp%3ABk9SR6To1saJYg"
"Apple iPhone 13 128GB256GB512GB A2482 Unlocked Good","$509.99 to $539.99","5.0 out of 5 stars.",,,,"false",,"true","https://www.ebay.com/itm/275281502094?epid=19049287637&hash=item40180e5f8e:g:EekAAOSw3f1i6vMX&amdata=enc%3AAQAIAAAAwNvyJV9fJOpj2HCsv1eSZjiM%2FwJCuBIvV%2BlupA8%2BRALX4RwrNB8V%2BCEdeK3oOrK1YIRx%2FH0rrg4pS89bAR%2Bs6ZWZcJib8e76vdSiK42xYng1VXEeVAjUxjQeVXEzjqXnufFM%2BDn4MGcjRfK0ay2oQ1QV7bwGywauV4nGoJfsoYHOiiuAPfZylb%2B0UbjSt0NH8qIxmcO%2Bo%2BXrxKe2CBTZFZo%2F2C%2B%2BUHG2veJpyP6PhDHFRGNWnv%2FdaudfDZu9GrYNHg%3D%3D%7Ctkp%3ABk9SR6To1saJYg"
"Apple iPhone 13 - 128GB - All Colors - Unlocked - Excellent Condition","$623.69","5.0 out of 5 stars.",,,,"true","26+ ","true","https://www.ebay.com/itm/384856374632?epid=8049288614&hash=item599b3a3d68:g:OsAAAOSw3X1iZ7-4&amdata=enc%3AAQAIAAAA4NYnr9Ip1xxMLNDXDI16a5Aoo%2FaZfuIaZgT4L2q8XN02VrlAtYipSGZudvJc8seB2FuuYOlnjCgXdZS0rmYh%2FYL3KFHz7yo51cqIFRkkVK4cO9aG6FslYi2uDJOse0CfTv1OxSixL2I6d459%2FYkipXPMblo0c9ifR2mYGHke2L5A3sUytiTDgaGpAgeTT%2BFYLrWpYBQBFb51g2%2BpeIA6JUJg4Zapkk%2BX9PjqZRWT7GP8XuqYiP0PiE7MkQeZQk7Yrvy1YYDI%2F7ZyRU%2B%2BlYqzOzrxuzaPwUVuTE8UexlBVqbK%7Ctkp%3ABk9SR6To1saJYg"
"Apple iPhone 13 256GB - Starlight (AT&T)","$311.00$457.00",,,"+$12.45 ",,"false",,"false","https://www.ebay.com/itm/314603105326?epid=14049280232&hash=item493fce6c2e:g:CXoAAOSwXptkWYfe&amdata=enc%3AAQAIAAAA4P7i64LFPTWau3T5u%2Fckjbuf2K%2FkFDaWLwZMVfd1zAKzSaOb11SBCytZmrTDqZk2K2t3ANylqKaLTQ3CeZ%2FBy2Nic14hXub%2FXRm5z3ZA2Jwh5yQcZyfNc1ApENRFFvdpeGsd94TfLcyapC5U600P9VZDWFvIfinvfULy60AwvfWcfSb6IIfP1gcc7ksd0ZLjUHXf%2FHtBwfSzBER568KXWFijf85zg6SPmH8VDCd%2BGdOL1r12%2FZVhrpFiwoCPKrAOtbNC7lSKRqvsIPEy5pa8W2XrU05oZ7qc0q%2FVVrhgR4CZ%7Ctkp%3ABk9SR6To1saJYg"
"Apple iPhone 13 Pro Max - 256GB - Graphite (Unlocked) FMI on","$410.00$500.00",,,"+$12.45 ",,"false",,"false","https://www.ebay.com/itm/125944581857?hash=item1d52e1cee1:g:b3QAAOSww2NkYPVC&amdata=enc%3AAQAIAAAAwMfyT1uCbZDJHy7FrbruxvJ04X1fWSDJLaLDYEC%2BYbzBclwFCH3ES0bhMaaKyV0j%2F1afOxG3yHjmBnI8a2Gfr669r0bGOXLZ0smhLinHLdICev0nvSU0FfLC37dvwhfzaO6ThYs7kCNMayifgAGITuvl%2FkAEeVwi3YghwhdtGKMSZfCAaRfmds4KUhpLq03eDhVvTP6mwqwcYWszI4i5LTat31WU4MsVJL%2BVRdjU8k%2FOYhI5PG6c%2BkbCWfhppIcSvg%3D%3D%7Ctkp%3ABk9SR6To1saJYg"
"Apple iPhone SE 3rd Generation Smartphone 5G 64/128/256 GB T-Mobile AT&T Verizon","$179.99 to $299.99",,,,,"false",,"true","https://www.ebay.com/itm/275396385653?epid=16057341967&hash=item401ee75b75:g:840AAOSwqOZi2ep-&amdata=enc%3AAQAIAAAA4PMiVK%2FlxV6CaFuK1VV1ehrEVC0730MPDxjr27BP7DOm%2BT8gRbnuGQ2%2BEjl3sD%2FVHatv%2BijRNBZdjCfbO%2Bd03Y7eKu1e%2FmigDV1ApTvI%2B5PDA8vf10GPu6hQzTsFwB%2B0olEwExutBO1PyFE9voFEFWwmjpd1uBPLWDcjfBwpdhQ4UKiXapmALHE6QBvXUN293ObYCpU0WC0Qr89g6VY%2F5KGttsdqGjgLTXVd%2FH93juLQyQ7nG3TzhRU6UNOo3SWFWYAbDUZcOvbjYlh7dNSDwohFp3ggGmIPmlfG1deM4vrE%7Ctkp%3ABFBMpOjWxoli"
"Apple iPhone 13- 128GB - Sierra Blue (T-Mobile)","$570.00","4.5 out of 5 stars.",,"+$12.45 ",,"false",,"false","https://www.ebay.com/itm/325655609969?epid=25049270808&hash=item4bd2964271:g:140AAOSwhQRkYTUi&amdata=enc%3AAQAIAAAA4FLiVN9N%2FVxygtw41zlTI%2BzaK1kOwg7bSIqfjJWb1e%2FcO1FZ323VNBi0pMCT74AT8ySkqnpdm2qy8bOeudYRNuwi2kRrmEBBZO%2BOxNbBT15CcjWs6%2BC8r3g1E11FwWB7flIXYabTD6O8OUetIid9TIJQtytu7%2BULQLeDEDnP0kEMSb7rglKgj0psq5pTdlKrqMWN2woCMtdPzfQxlHu7so0F3f0XUvCH%2Bku0%2BwW8WgwpKbiykV9sV2jz91hh2hO8vEypw897vXCL64YeEqYnhBQJnrPhZtTjYnz9QtjkNgxZ%7Ctkp%3ABFBMpOjWxoli"
"Apple iPhone 13 mini 256GB Factory Unlocked AT&T T-Mobile Verizon Excellent","$509.95","4.5 out of 5 stars.",,,,"true","34+ ","true","https://www.ebay.com/itm/304517572872?epid=25049270768&hash=item46e6a96908:g:n8oAAOSw2ENi7Zp1&amdata=enc%3AAQAIAAAA4IT2ZKEy8oAFjR%2FdEEarBa1JaHfLwgLpKClP0a6kMTQR2UmLq4iEb8LRETfbw6RbD1jHfKYJ8tjyvYJpwnVNCOSmkNiXxeKotLvRjkcpPcuDFV8yJonfkyaLT%2BROqjdtluV3Wf4KslDxMHScAYxGLzZA%2Bz64HSupIelHC6KtwFolkZTHR6O8dV1jCsqtOeqR8x2LBBfsTuFtuLB0KzhcTDSGXDQVLtHtl0oD3g1XJDSs8l8IZMOwJ8dng98rWg1ooiNidaHvu8Mpou345fnuESiaU%2BWvnWagzGBvrCyWL2X9%7Ctkp%3ABk9SR6To1saJYg"
"NEW Unlocked Apple iPhone 13 128GB Starlight -CLEAN ESN -MDM Bypassed -READ-","$569.00","5.0 out of 5 stars.",,"+$9.99 ",,"false",,"false","https://www.ebay.com/itm/175738785383?epid=8049288614&hash=item28ead90e67:g:4IMAAOSwn4NkYNAZ&amdata=enc%3AAQAIAAAA4Ewc1Gzzd51q3wYc4%2FhEJcmAbZNxBLNnU9ECBShkRDP27RR5bHLRaYqGI9FQgdV4nM0wv2CAuqWbKncJlC6v5wKr%2BzZeQ1N2%2FJbgTFP7XbPkPc9PBcTG6GUAxGEaxTvJso0Z1Hw%2BA95kvqSVZeKVHIJppqMAyFKifXJzMSEgJ4O5q8WORQdo2xh040yFyjQ2ruOFuY7AULTtVEbgsRonUahFBpKTXb6tTzqR%2Ft647c4reVD8oqtDFGnktd8E%2FQTOB4RmFT0mKnUGgEprbunRQxqXwEhHsOWFFgG40yjd3ufp%7Ctkp%3ABk9SR6To1saJYg"
"New ListingApple iPhone 13 - 256GB - Pink (Unlocked)","$348.00","5.0 out of 5 stars.",,"+$15.60 ",,"false",,"false","https://www.ebay.com/itm/225589137810?epid=8049288706&hash=item3486291192:g:wL4AAOSwqttkYuYK&amdata=enc%3AAQAIAAAA4CLVMVAssn44wS%2FvaHld2u%2FHrZjBgn8h5r998BczOO3rOlaW0IEHPLI8aZlwYzkkM5XmSI9n81icM4IJyq9KJTgOIzC3%2B8tKKwHcjKZYgpXqd%2B3Avt846hxz41DuQHIVEfYzD8INv17fyDuSdolZjAJ0oY2t2z%2FgisawLTLhkwjMnYyR8RKxooSE1tJBDZmFGtv8mNv2qVElMWW%2B9sfRAzw1mZIcAxV7pszh767Hqhwy9GmJBXQQSGBOZUbmo0ES5DbDU%2Fd1qrennluhGSd0FNQhcgIOXC%2BHL9uxnVEqQQ4R%7Ctkp%3ABk9SR6To1saJYg"
"New ListingApple iPhone 13 Pro - 128GB - Sierra Blue (Unlocked) Excellent Condition","$650.00","5.0 out of 5 stars.",,"+$9.80 ",,"false",,"false","https://www.ebay.com/itm/275866998869?epid=26049290840&hash=item403af45855:g:JaYAAOSww4ZkWZVA&amdata=enc%3AAQAIAAAA4OJA3Ocq9bU1Z2%2FXwqpBjYFuO2EG0387tYg9cuIEjeSLIasiqlsvPhR8Aqpxn4FWXSa1NRsJnmCBaex6AhBQif7JtXHsrF%2B%2FQ3zkw3OCyUArpqnyLqdZ%2FZq1l%2FCe%2FevdzZsRXZ%2B4VNtG0%2F3%2FQPNEBcFeirALKpp15Pic2GpKJmGuXrsD0tBuJFvWeGu%2FCzEJEF%2Fdd5s36swBr73NvxWMklOfJW2Fq7i0EoH73qONODVshBCF0%2BJbsDnTLmPJMrTvWbMJpn3yCzdmFCWo84orIj1PJQ3VmKQ1cAjB23c3HvPY%7Ctkp%3ABk9SR6To1saJYg"
"APPLE IPHONE 13 PRO MAX 5G UNLOCKED AT&T VERIZON T-MOBILE 128GB 256GB 512GB 1TB","$799.99 to $1,099.99","5.0 out of 5 stars.",,,,"true",,"true","https://www.ebay.com/itm/125880051527?epid=4049279892&hash=item1d4f092747:g:f-QAAOSwWMVkNiqP&amdata=enc%3AAQAIAAAA4KBmU4lm115dRw21vBjzGNEF8lXyloMxHABfIbeTXJ3RgpEuyRucXQ43ieSlvW4RV%2BfylmisQGO8WUDzWnr0RwXvJY%2Fmc8tRa8GuoWTUZUfdMa5WQVPRWQ4vow4fi7Cj13cWyprWPk42oy4TUHntIj4kpLXXFyLekTJqDza%2BdH%2FTupWp90TQ9W3SP8i%2BEmdGqJuCli5vx1wG7caeIAryTLnQHB5w%2BYLnb1DpyT3k23jR%2FI6Z%2F6CzYp3LerC6oNLxRttRS342DG2J8z13DDj28Am23SRm6ihkIbnB9SIDQdBr%7Ctkp%3ABk9SR6To1saJYg"
"Apple iPhone 13 Pro 128GB Unlocked AT&T T-Mobile Verizon Excellent Condition","$744.95",,,,,"true","60+ ","true","https://www.ebay.com/itm/295182153971?epid=3057369533&hash=item44ba3a38f3:g:3CEAAOSwHSVjZDfC&amdata=enc%3AAQAIAAAA4AOKfRgIPnXXcnxdOOn6iUm2ogqcTlVW4O9eu4GsySC724v9b9%2FrX8a4Ll%2BjxZCRrbFpJeKK5L5XD4ADT2rrbWj0d7vBoeS4vbt1Y5yS9eGwwBUNnUgUliuI2Q0ghvSF5gKFMdHvTA3ZgGj%2Fv4%2B%2BKfZAmxafntoHGN2anZHHdPikkRc2SiYkD6QvzlAkwkZ4W2JAX%2F%2BDpuQWUzNsWo9KVPFQO5sVIvxCAYyUJaMmzrtKIR5qJ%2FOlWRe5Fd9b5uDq5fLJt965A9kBfS9A4AkYQGLT4RtxdqqFGoWi6VDeyut6%7Ctkp%3ABk9SR6To1saJYg"
"Apple iPhone 13 - 128GB - Midnight - (Unlocked) - *WORKS GREAT*","$385.00$559.99","4.5 out of 5 stars.",,,,"false",,"true","https://www.ebay.com/itm/334881097856?epid=11049276145&hash=item4df8780880:g:3VIAAOSw4RRkWZBc&amdata=enc%3AAQAIAAAAwNmVBwyJITtC0ighSsbd1hGDlcBJVeKOnT2prIb6wtDcaap4Cayuhb4l%2FmpU6qWmOF64wqwJoBMtzb2Lr6UqF3A%2Fr4o%2F2yw2L%2BfOJ9U6kEHqkG3AQFti5QzezyAa7emcGSYWBKq2tz0eiaXZkTwpqk%2FjF97gisIBT0l1U9SKUAkgg%2FfqA2dfcvJuP4zg3d1RSqh9tguI%2FtwjAxyYenDSHxZ0pvZizG87X3N2pyQA6oDXwrPwHCzTUhYGWOhnieDodA%3D%3D%7Ctkp%3ABk9SR6bo1saJYg"
"Apple iPhone 13 128GB 256GB 512GB GSM Unlocked, Verizon Unlocked Very Good","$399.99 to $709.99",,,,,"true",,"true","https://www.ebay.com/itm/274991801886?epid=21049287980&hash=item4006c9e61e:g:SR4AAOSwBKpjUVzy&amdata=enc%3AAQAIAAAAwOMzmyRVqrrPxu2vhM1u5sQaUy%2FCVPAFsiD%2BbMgwAEAYg4P4PNpF78e%2FQTN3CanhO554XxidoVDa5qHObNwgVRfYfCLbPZQxEXOhn3aMO4J4NW3EVQnEjh%2FMV7z1nESvuIxSNYBN96sU5EsyOiU5uPOS7T5zstbHeDCrBwACU1g7HNsmD8cf7v%2Brd2DOYLqOJ8ITvtfN1kvWbH1Lb7WKAfBkgt2B44ZETIIBsVcjNuzEhcHZ6wf%2BotoyLDVsZSNjIA%3D%3D%7Ctkp%3ABk9SR6bo1saJYg"
"Apple iPhone 13 - 128GB - Blue (Unlocked)","$450.00","4.5 out of 5 stars.",,"+$5.00 ",,"false",,"false","https://www.ebay.com/itm/204340925524?epid=22049282568&hash=item2f93ab1454:g:b7YAAOSwQrhkTP~L&amdata=enc%3AAQAIAAAA4GuVIbEbZ4uQU31Ybfpi4ZglYA33dAicP%2Bo6TO%2FkpNqQ6JQhx4N113TWPH9Llrmz%2FxgvUUAYBcY1FVnZwHOZt2kYOlZ9GCzThUZpsCRjNsOXiEXZyUuO%2FWcGMa45nVJWjELdLX%2BrTGGKkFa%2FcFNmy5ttiV7gpLyxVMuLpQk9uegY5XuF7BiTjZ0rgCE9%2FxMvr%2B3PwnAByYchYIC1Qna%2FN5TdQhKwtf8AtAz6A0WWMqwidQYXG0w6oE%2FnNLMhss2yIuAbix%2Br9Chh7DzptppDIXD1NnGy2eBBgFqogSZkCcIG%7Ctkp%3ABk9SR6bo1saJYg"
"Apple iPhone 13 128GB 256GB 512GB GSM Unlocked, Verizon Unlocked Good","$449.99","5.0 out of 5 stars.",,,,"true",,"true","https://www.ebay.com/itm/294477074690?epid=10049288310&hash=item4490339102:g:yIYAAOSwmMBjUVz0&amdata=enc%3AAQAIAAAAwNCW%2FzHm%2Fb5sA0C5FLqqABDcDUePh7DXTm%2B3h75Dl8jEbYJVUbP3QUbxvl9qP63Aigm0hi2H5RIWnzQz%2BqVdKlISyUc%2BXkL4G6Y8E%2BGl5lQ1VWSYgFenZ0iAtl0sVKUHdfH5pzS3iGhOJd74wTjCBEnPw9QhSf8NTfr0A1HPKIrBdgzhBW%2F1X3aj1T7YO2vnegqCQXi8gH%2FS%2FZxxKosoZaW8W9LMo4of9sJCnWo6o4tyPO6w8IALVP3n4KUW3aFWng%3D%3D%7Ctkp%3ABk9SR6bo1saJYg"
"New ListingApple iPhone 13 Pro 128GB Alpine Green AT&T SIM LOCKED A2483 FAIR MNDD3LL/A","$310.00",,,"Free ",,"false",,"false","https://www.ebay.com/itm/394640409977?epid=4054277841&hash=item5be266c579:g:V4cAAOSwq5RkZO6n&amdata=enc%3AAQAIAAAA4KBdb78N6GG%2BkQTVJSjAqgYVq07ZIhNKRVF6V%2FWRLzvo%2Buxh6tdJ43AwypKFOt1YJ33etVnUJEzUGNKKkibTxWhnL58nU9lzm52BucORXOvo8FS0NXGLoCa%2BIjonOMhXJrxTiiUvp7eauUH9FfkdVrpBGKIUKnLPlfeMZ8FbbZHVHMdjQjeerd1cok9jYMN%2BPlsgOaPATu9WzEv%2BFrjKNKBoQabCZCJpolVuLdt0L3KtgT2oD97Z0fAmr81SCXjx7TaRUvG7kk0L111MHWfg5krFkBVqH3hr%2FxLpNBxGfkgi%7Ctkp%3ABk9SR6bo1saJYg"
"Apple iPhone 13- 128GB (AT&T) A2482.100% battery. Works Great.","$305.00$500.00",,,,,"false",,"false","https://www.ebay.com/itm/354798146188?epid=15053105191&hash=item529b9e128c:g:1V0AAOSwz4JkWsN-&amdata=enc%3AAQAIAAAAwPcWZh%2FBphnXS2%2Bp2dTx8i35VSM0kg%2FD2BMufRov4rEBOW%2FTGjqhcnCb8ArWTrFS2esHQTQsLz7ltFHa81tiXfLO3k9fjJXvTwjJ9yku28LhHzUt1N98JuhqGVDkqTQNuBZBJdj2dwqtzB%2Fcu%2B6EZNmfxaegOmJ8WqXkEmfGQopqlFxy7Og%2F95JnBsFX3ASi3nxCasTQqPHJ0J0vaAmOjeLtE%2FIzuvl6l8T3NxVMccZw9Dl4IjjX39P9z1hm1gELXw%3D%3D%7Ctkp%3ABk9SR6bo1saJYg"
"Apple iPhone 13 (PRODUCT)RED - 128GB - (T-Mobile)","$299.00$399.00","5.0 out of 5 stars.",,"+$11.45 ",,"false",,"false","https://www.ebay.com/itm/204345625654?epid=12049274312&hash=item2f93f2cc36:g:5YwAAOSwbFxka~QE&amdata=enc%3AAQAIAAAA4Jx2rZpNSETc5%2B87lmlche5Js8nIEKtCiDxXY2843%2B4pfhrs7HVLE1uoGAKAFphya2iABvHmvAUUPHKEFEoZ2%2FSlGhZTjinN5zZp0uSeBm8AecpeuKsDEkinzRZYIkxlYY5pH8VeJdSHCIgEzN5wXGOcJqxQaWj1tMiQp%2F8as4OpT7uLFdUNJf%2BQm%2F79f8ufIi%2B2hG7Lf%2FBmP72j4l1I217%2BTaOuUPScGW8AXl3j%2BvgysVvqwPbIP3vRRu6WbWVMQ83lUR9j%2FXghj7ktblxx8HnsbjV9DVcFnGUebp0I%2B9VN%7Ctkp%3ABk9SR6bo1saJYg"
"Apple iPhone 12 64GB Unlocked Smartphone - Very Good","$364.95","5.0 out of 5 stars.",,,,"true","262+ ","true","https://www.ebay.com/itm/363552187845?epid=11044086805&hash=item54a56625c5:g:jjoAAOSw2~dhS2Sd&amdata=enc%3AAQAIAAAA4ByKl4vgl0PkKHsDXpQB8pupykim4rw7JuJgyvOYAV77V5RkmtMH1o2Vv5px0qlrH00%2F1ZkQ3hxwhhgQw0JGHZZaMG%2BVNUpzLSUpu4S%2BlWJQzV4cvrEohuVHl8svDUtCM%2BvHuJBL2eO4CKx0q%2BRF8ffgpZNJkwBDD58MDHnPjCWtRj7fKsFf98paTHe%2FyFcfH%2BvBSntD8hQt4Off0ckhR1je958CNNNcUOVaKfFlV3YT963IBi0STNSdxJINMD6Xfd53gtuNTTsOqRy8pPvXQdXFvOu2ElRiRwuoLuVv7Y4x%7Ctkp%3ABk9SR6bo1saJYg"
"Apple iPhone 13 - 128GB - Dark green, IC-Locked For Parts","$160.00$250.00",,,"+$9.85 ",,"false",,"false","https://www.ebay.com/itm/266266418869?hash=item3dfeb71eb5:g:Ah4AAOSwR21kYtGU&amdata=enc%3AAQAIAAAA4N6YUAfoxm6eR8m3SDvC6ZIj6PrxXgNW9ro1SzTRsoUDlkv5dbIHign1Ks64lG4BBw9QqR9hIcMqqi225dDm3Rxy6dL1reP8BIaQwj77kcoQ%2BZV9KpMoSNhOu9IRu1r1eXtupAzguhkWesZwWDudqyu4AS66CsZzbgMR%2Fb2KCJ9uQ9wOp4kXVbArqeouIPLEsibkkVJUipHr8TgltI1vVS2fC0Ha%2B3%2BnTzPQaHEIbQmMdOhH0VADh3xcHwPG5Ph5h0bk0m5TtknzIBECQ5Aswy5q%2F9eZpyuvMowX77NGlqMC%7Ctkp%3ABk9SR6bo1saJYg"
"Apple iPhone 13 PRO MAX 128GB 256GB 1TB (UNLOCKED) âœ…1 YEAR WARRNTYâœ…âš«ðŸ”´ðŸ”µâœ¤SEALEDâœ¤","$1,138.95 to $1,298.95","5.0 out of 5 stars.",,,,"false",,"true","https://www.ebay.com/itm/325559911949?epid=2323820846&hash=item4bcce2060d:g:7JIAAOSwH-dkAqhN&amdata=enc%3AAQAIAAAA4FZobyFZf7WYoO04PnynUXoCOaCnbkXg6tYVuUwy8JyIDUAqwqbFL4moFXV%2BUraeVORrxVEJi316gxL%2B32FAEuvZhwu4BOUfD%2BNLX3sl7udhptq7SIVvCgQ06YZ3jSFf1PZQ81pQ9pTSfD6aeK6Hg4AfJglFhVmTMxXelwOLHzi%2FpNzvJdIBuygJO1JlzD8wFzQ%2BPzwH8Da8LYYmkHnC%2FBcY1Am%2BsSxrjzNlf30sflKD2ll1%2FBjUhFBIL%2BAL5WIjaD9uHWhLK%2BEgP5JqjZN6vmg6fIHEVxE8zTOi3vuUVpA%2F%7Ctkp%3ABk9SR6bo1saJYg"
"New ListingApple iPhone 13 - 128GB - Pink, IC-Locked For Parts","$198.00",,,,,"false",,"false","https://www.ebay.com/itm/225588651142?hash=item348621a486:g:FdoAAOSwWHZkbP6e&amdata=enc%3AAQAIAAAAwNujbK9rT65xZesjwuawa33aEm0Itt4hcj03tI2wOolNTf8ecjsQHKV7bEIkGd0oc%2BTLn%2F%2Fm0lphjdYCltibEvzmil9oDHx81NIScz6ZBpkWXe95K2h2MULYPldRDmgmmdbwrBPVliQJClemPQf0Ew9OmcEN1hu8GfBSWpsGbrSj%2Bsm%2Fe8Fl6F3U4tmKOoELYNxjBQpMR4PirCF9Pncp7FhJqPyB843uyQ7dDsI9fgfXo6T4z%2FU%2B6Pb%2BTHGbcCFxrw%3D%3D%7Ctkp%3ABk9SR6bo1saJYg"
"Apple iPhone 13 Pro 512GB Unlocked AT&T T-Mobile Verizon Excellent Condition","$849.95","5.0 out of 5 stars.",,,,"true","18+ ","true","https://www.ebay.com/itm/295254414961?epid=17049280678&hash=item44be88d671:g:2S8AAOSw13FjZDjC&amdata=enc%3AAQAIAAAA4DttKGclEdYmt%2FxYPNx2bNpjkAOWoZ3bQbrfG2pS%2FGGpKOuPCKD4b67C3xCHw%2BS8Kl1kmHf%2BDm0OXStXkWW3iZkzepTtTSi8qPWzT4kg%2BKDbX3pfQgIhckA%2FRXkTAjoPM9B0u6p8Ub%2B05P0VbBRGfBm3gz5ozSJjmBeQ5lqvWX7VSVprL%2ByJtEz67VaRItMpICVTunhn9uS7WLqlld262xrscJC3etlOpyUaKhzbXI3f9SCkmbcYk86btvzV1Z6CCkuzAVE5OY%2F39a1TsqN4TJ0%2BHvbRqOSXmGR8NiOcgUiI%7Ctkp%3ABk9SR6bo1saJYg"
"Apple iPhone 13 128GB 256GB 512GB Unlocked Verizon AT&T TMobile Sprint Very Good","$595.00 to $644.00","5.0 out of 5 stars.",,,,"true",,"true","https://www.ebay.com/itm/225169837209?epid=8049288706&hash=item346d2b0c99:g:T2QAAOSwIftkSqMS&amdata=enc%3AAQAIAAAA4LpKkSRqkHbRN5%2BqMn1GLh6ZWBh%2BfHGDPCT7e5gKIibhN7Fhoctw5gbEvXyrqNdOOzyX5qUl4fs1CxOmDDiC6xD8%2BEZanRaaVIpxmH7zrO8MT5ryEadBhEPxykyJfnQpca57eb%2B9HW2v8%2BpWQK8tqmDdOAqua%2FdrkjXw6nsxsxdw6liHpqM68V1g7OsovYKYVSdNx55QMJIxxXQtaxUjxuhXgAdzXKeAGZbaGhuE%2BWFDMwN4SkmcNC4FZeV9N4xLj%2FcT1dUXwr0VgwIIAJeQMAbFuYG1xQEWj89cSRuKJRGm%7Ctkp%3ABFBMpujWxoli"
"APPLE IPHONE 13 MINI 5.4"" 5G UNLOCKED 128GB 256GB 512GB AT&T VERIZON T-MOBILE","$529.99","5.0 out of 5 stars.",,,,"false",,"true","https://www.ebay.com/itm/115779876429?epid=27049276471&hash=item1af504b64d:g:ntQAAOSw2MJkRWh5&amdata=enc%3AAQAIAAAA4AE550CmUSepXCBZ3J70sGwbGHJgKtRzHTsTWqO3AjExXHnjgcAnbXviN8NmUYCfbaA0aXxIfCAd9ZIXAXN4jwASEcymXOMuClnSLmbV27rNM5JMFCL3UXKmbiWWjJdEp7Yak13abAKrnxMyoTTAkigIiu680QrEHy52TcmZOepkuONmqg0icsHDaHac1%2BVCfBj%2FVg%2FyWSLFC96A5iJ2Rf5MNbgOZSoPq0oZVMSEArQxGMayW6muBzTw54d%2BQTP9Vh06RkYrGT1u%2Bb6UbF2%2FS151aZYGweFEN%2BYbiS5quWWj%7Ctkp%3ABFBMpujWxoli"
,,,,,,"false",,"false",
,,,,,,"false",,"false",
,,,,,,"false",,"false",
